{"nodes":{"node:255":{"location":{"x":888,"y":62}},"node:266":{"location":{"x":549,"y":78}}},"selection":null,"view":{"scroll":{"x":137.628280639648438,"y":-57.8539886474609375},"zoom":1}}